compound_id,smiles,job_id,result_url
A0,CCOC(=O)CCCC/C=C/C(C)C,2147223778,https://www.swisstargetprediction.ch/result.php?job=2147223778&organism=Homo_sapiens
A1,CCOC(=O)CCCC/C=C\C(C)C,860235930,https://www.swisstargetprediction.ch/result.php?job=860235930&organism=Homo_sapiens
A2,C/C=C/CCCCCCC(=O)OCC,1010590798,https://www.swisstargetprediction.ch/result.php?job=1010590798&organism=Homo_sapiens
A3,CCOC(=O)CCCCC=C(C)C,316765115,https://www.swisstargetprediction.ch/result.php?job=316765115&organism=Homo_sapiens
A4,CCCC/C=C/CCCCC(=O)OCC,1205282504,https://www.swisstargetprediction.ch/result.php?job=1205282504&organism=Homo_sapiens
A5,CC/C=C\CCCCCC(=O)OCC,971809746,https://www.swisstargetprediction.ch/result.php?job=971809746&organism=Homo_sapiens
A6,C=CCCCCCCCC(=O)OCC,2071239346,https://www.swisstargetprediction.ch/result.php?job=2071239346&organism=Homo_sapiens
A7,CCOC(=O)CCCCCCC(C)C,1424976472,https://www.swisstargetprediction.ch/result.php?job=1424976472&organism=Homo_sapiens
A8,CCCCC#CCCCC(=O)OCC,1940980979,https://www.swisstargetprediction.ch/result.php?job=1940980979&organism=Homo_sapiens
A9,CCCOC(=O)CCCCC=C(C)C,1049593637,https://www.swisstargetprediction.ch/result.php?job=1049593637&organism=Homo_sapiens
A10,C/C=C/CCCCC(=O)OCCCC,486183197,https://www.swisstargetprediction.ch/result.php?job=486183197&organism=Homo_sapiens
A11,C/C=C/C=C\CCCCC(=O)OCC,1936209792,https://www.swisstargetprediction.ch/result.php?job=1936209792&organism=Homo_sapiens
A12,CCC/C=C/CCCCC(=O)CCC,637363225,https://www.swisstargetprediction.ch/result.php?job=637363225&organism=Homo_sapiens
A13,CC(=O)CCCC/C=C/C(C)C,1982137937,https://www.swisstargetprediction.ch/result.php?job=1982137937&organism=Homo_sapiens
A14,CC(C)/C=C/CCCC[C@H](C)O,1921128032,https://www.swisstargetprediction.ch/result.php?job=1921128032&organism=Homo_sapiens
A15,CCNC(=O)CCC/C=C\C(C)C,1487394309,https://www.swisstargetprediction.ch/result.php?job=1487394309&organism=Homo_sapiens
A16,CCCCCCCCCC(=O)OCC,443632397,https://www.swisstargetprediction.ch/result.php?job=443632397&organism=Homo_sapiens
